{
    "tableData": [
        {
            "displayName": "Terminus-2 (Claude Sonnet 4.0)",
            "levels": {
                "param-level": 0.018890296387184924,
                "func-level": 0.014763556326924448,
                "class-level": 0.019422054706851204,
                "module-level": 0.018580584944272175
            },
            "overall": 0.017661457678869924
        },
        {
            "displayName": "Terminus-2 (GPT-5)",
            "levels": {
                "param-level": 0.011201121559976102,
                "func-level": 0.011157951270138059,
                "class-level": 0.010658723387647598,
                "module-level": 0.010498948619736239
            },
            "overall": 0.01099393028063592
        },
        {
            "displayName": "Expert",
            "levels": {
                "param-level": 0.0,
                "func-level": 0.0,
                "class-level": 0.0,
                "module-level": 0.0
            },
            "overall": 0.0
        }
    ]
}