agent_id,count,median_agent_nop,median_oracle_nop
"terminus-2,claude",518,1.0343581803854074,1.03428784582855
"terminus-2,gpt-5",600,1.0484895577529203,1.0413555377244976
"terminus-2,oracle",1075,1.0243815660476452,1.0243815660476452
